-- phpMyAdmin SQL Dump
-- version 4.0.4.1
-- http://www.phpmyadmin.net
--
-- Host: 127.0.0.1
-- Generation Time: Apr 26, 2015 at 06:12 PM
-- Server version: 5.5.32
-- PHP Version: 5.4.16

SET SQL_MODE = "NO_AUTO_VALUE_ON_ZERO";
SET time_zone = "+00:00";


/*!40101 SET @OLD_CHARACTER_SET_CLIENT=@@CHARACTER_SET_CLIENT */;
/*!40101 SET @OLD_CHARACTER_SET_RESULTS=@@CHARACTER_SET_RESULTS */;
/*!40101 SET @OLD_COLLATION_CONNECTION=@@COLLATION_CONNECTION */;
/*!40101 SET NAMES utf8 */;

--
-- Database: `341project`
--
CREATE DATABASE IF NOT EXISTS `341project` DEFAULT CHARACTER SET latin1 COLLATE latin1_swedish_ci;
USE `341project`;


-- --------------------------------------------------------

--
-- Table structure for table `alliance`
--

CREATE TABLE IF NOT EXISTS `alliance` (
  `aid` int(11) NOT NULL AUTO_INCREMENT,
  `title` varchar(255) DEFAULT NULL,
  `description` varchar(510) DEFAULT NULL,
  PRIMARY KEY (`aid`)
) ENGINE=InnoDB  DEFAULT CHARSET=latin1 AUTO_INCREMENT=147 ;

--
-- Dumping data for table `alliance`
--

INSERT INTO `alliance` (`aid`, `title`, `description`) VALUES
(1, 'Allied Powers', NULL),
(2, 'Central Powers', NULL),
(3, 'United Kingdom', NULL),
(4, 'Ashanti Empire', NULL),
(5, 'British Empire\n Ethiopian Empire\n Italian Empire', NULL),
(6, 'Dervish State', NULL),
(7, 'United Kingdom', NULL),
(8, 'Aro Confederacy', NULL),
(9, 'Portuguese Empire', NULL),
(10, 'Ovimbundu Kingdoms', NULL),
(11, 'Venezuela', NULL),
(12, 'German Empire\n United Kingdom\n Kingdom of Italy', NULL),
(13, 'Ottoman Empire', NULL),
(14, 'Internal Macedonian Revolutionary Organization', NULL),
(15, 'United Kingdom', NULL),
(16, 'Tibet', NULL),
(17, 'Emirate of Nejd and Hasa', NULL),
(18, 'Emirate of Ha''il', NULL),
(19, 'Ottoman Empire', NULL),
(20, 'Armenian rebels', NULL),
(21, 'German Empire (including German colonial forces)', NULL),
(22, 'Herero and Namaqua peoples', NULL),
(23, 'Empire of Japan', NULL),
(24, 'Russian Empire\n Principality of Montenegro', NULL),
(25, 'Hellenic Macedonian Committee', NULL),
(26, 'Internal Macedonian Revolutionary Organization', NULL),
(27, 'Russian Empire', NULL),
(28, 'Polish worker militias', NULL),
(29, 'Russian Empire', NULL),
(30, 'Revolutionaries', NULL),
(31, 'German Empire', NULL),
(32, 'Indigenous rebels', NULL),
(33, 'The Netherlands', NULL),
(34, 'Badung\nTabanan\nKlungkung', NULL),
(35, 'British Empire', NULL),
(36, 'Zulu', NULL),
(37, 'Ottoman Empire', NULL),
(38, 'Cretan rebels', NULL),
(39, 'Kingdom of Romania', NULL),
(40, 'Romanian peasants', NULL),
(41, 'Nicaragua', NULL),
(42, 'Honduras', NULL),
(43, 'The Netherlands', NULL),
(44, 'Karangasem\nKlungkung\nGelgel', NULL),
(45, 'The Netherlands', NULL),
(46, 'Venezuela', NULL),
(47, 'Spain', NULL),
(48, 'Riffian people', NULL),
(49, 'France', NULL),
(50, 'Ouaddai Empire', NULL),
(51, 'Maderistas\nOrozquistas\nVillistas\nZapatistas\nCarrancistas\nMagonistas\nSeditionistas', NULL),
(52, 'Mexico', NULL),
(53, '', NULL),
(54, '', NULL),
(55, 'German Empire', NULL),
(56, 'Soheks rebels', NULL),
(57, 'Ottoman Empire', NULL),
(58, 'Albanian rebels', NULL),
(59, 'Qing Empire of China', NULL),
(60, 'Anti Qing rebels', NULL),
(61, 'France', NULL),
(62, 'Morocco', NULL),
(63, 'Kingdom of Italy', NULL),
(64, 'Ottoman Empire', NULL),
(65, 'Tongmenghui', NULL),
(66, 'Qing Empire of China', NULL),
(67, 'Kingdom of Bulgaria\n Kingdom of Greece\n Kingdom of Serbia\n Kingdom of Montenegro', NULL),
(68, 'Ottoman Empire', NULL),
(69, 'Albanian rebels', NULL),
(70, 'Ottoman Empire', NULL),
(71, 'Brazilian Governists', NULL),
(72, 'Rebels', NULL),
(73, 'United States', NULL),
(74, 'Nicaraguan rebels', NULL),
(75, 'Cuba\n United States', NULL),
(76, 'Independent Party of Color', NULL),
(77, 'Ottoman Empire\n Kingdom of Greece\n Kingdom of Serbia\n Kingdom of Montenegro\n Kingdom of Romania', NULL),
(78, 'Kingdom of Bulgaria', NULL),
(79, 'Kingdom of Serbia', NULL),
(80, 'Internal Macedonian Revolutionary Organization', NULL),
(81, 'Kingdom of Serbia', NULL),
(82, 'Internal Macedonian Revolutionary Organization', NULL),
(83, 'France', NULL),
(84, 'Zaian Confederation', NULL),
(85, 'United States', NULL),
(86, 'Mexico', NULL),
(87, 'Union of South Africa', NULL),
(88, '"Bitterenders"', NULL),
(89, 'British Empire', NULL),
(90, 'Nyasland rebels', NULL),
(91, 'British Empire', NULL),
(92, 'Bussa warriors', NULL),
(93, 'United States', NULL),
(94, 'Haiti', NULL),
(95, 'British Empire', NULL),
(96, 'Senussi\n Ottoman Empire\nDarfur Emirate', NULL),
(97, 'Republic of China', NULL),
(98, 'Empire of China', NULL),
(99, 'France', NULL),
(100, 'Tuareg guerrillas', NULL),
(101, 'British Army\nDublin Metropolitan Police\nRoyal Irish Constabulary', NULL),
(102, 'Irish Republican Brotherhood\nIrish Volunteers\nIrish Citizen Army\nCumann na mBan\nHibernian Rifles\nFianna Éireann', NULL),
(103, 'United States', NULL),
(104, 'Dominican rebels', NULL),
(105, 'Hashemite Arabs\nUnited Kingdom\n------------------------------\nSultanate of Nejd (Unification of Saudi Arabia)', NULL),
(106, 'Ottoman Empire', NULL),
(107, 'Russian revolutionaries', NULL),
(108, 'Russian Empire', NULL),
(109, 'French colonial empire', NULL),
(110, 'Vietnamese rebels', NULL),
(111, 'United States', NULL),
(112, 'Anti draft rebels', NULL),
(113, 'Bolsheviks', NULL),
(114, 'Russian Provisional Government', NULL),
(115, '*Victorious in Russia, Ukraine, Georgia, Armenia, Azerbaijan, Kazakhstan, \nand Mongolia*:\n\n Russian SFSR\nOther Soviet republics\nMongolian People''s Party\n------------------------------\n\n*Victorious in their respective countries:*\nKingdom of Finland\nRepubli', NULL),
(116, 'White Movement\n\n*Central Powers* (until 1918):\n Austro-Hungarian Empire\n German Empire (including German colonial forces)\n Ottoman Empire\n*Allied Forces* (from 1918):\nCzechoslovakia\nRepublic of China\nFrance\n Kingdom of Greece\n Kingdom of Italy\n Empire of ', NULL),
(117, 'Ottoman Empire', NULL),
(118, 'Russian SFSR', NULL),
(119, 'Ukrainian SSR\n Russian SFSR', NULL),
(120, 'Ukrainian People''s Republic\n\nWest Ukrainian People''s Republic\nWhite Movement', NULL),
(121, 'Finnish White Guards\n German Empire', NULL),
(122, 'Finnish Red Guards\n Russian SFSR', NULL),
(123, 'Democratic Republic of Georgia', NULL),
(124, 'Democratic Republic of Armenia', NULL),
(125, 'Weimar Republic', NULL),
(126, '*Communist Forces*:\n\nBavarian Soviet Republic\nSpartacus League\nGerman Communist movements', NULL),
(127, 'Poland', NULL),
(128, 'German Empire', NULL),
(129, 'Poland', NULL),
(130, 'West Ukrainian People''s Republic', NULL),
(131, 'Transcaucasian Democratic Federative Republic\n\nDemocratic Republic of Georgia', NULL),
(132, 'Pro-Bolshevik Ossetian rebels', NULL),
(133, 'White movement\n  Kuban-Black Sea Soviet Republic', NULL),
(134, 'Democratic Republic of Georgia', NULL),
(135, 'Azerbaijan Democratic Republic\n\n Ottoman Empire (1918 only)\n Russian SFSR (from April 1920)\nTurkish Revolutionaries (from April 1920)', NULL),
(136, 'Democratic Republic of Armenia\n\nRepublic of Mountainous Armenia\nNagorno-Karabakh rebels\n British Empire (1918 only)\nCentrocaspian Dictatorship (1918 only)', NULL),
(137, 'Estonia\n\nWhite Russia\n Latvia\n United Kingdom\nIngria\nOber Ost\nFinnish, Swedish and Danish volunteers', NULL),
(138, 'Russian SFSR\n\nCommune of Estonia\n Latvian SSR', NULL),
(139, 'Latvia\n\n Estonia\nPoland\n United Kingdom\nFrance', NULL),
(140, 'Russian SFSR\n\n Latvian SSR', NULL),
(141, 'Lithuania\n Saxon volunteers', NULL),
(142, 'Russian Soviet Federative Socialist Republic\nLithuanian-Belorussian Soviet Socialist Republic', NULL),
(143, 'Emirate of Riyadh', NULL),
(144, 'Kingdom of Hejaz', NULL),
(145, 'French Indochina', NULL),
(146, 'Hmong rebels', NULL);

-- --------------------------------------------------------

--
-- Table structure for table `battle`
--

CREATE TABLE IF NOT EXISTS `battle` (
  `bid` int(11) NOT NULL AUTO_INCREMENT,
  `wid` int(11) NOT NULL,
  `start_date` date DEFAULT NULL,
  `end_date` date DEFAULT NULL,
  `location` varchar(255) DEFAULT NULL,
  `title` varchar(255) DEFAULT NULL,
  PRIMARY KEY (`bid`,`wid`),
  KEY `wid` (`wid`)
) ENGINE=InnoDB  DEFAULT CHARSET=latin1 AUTO_INCREMENT=118 ;

--
-- Dumping data for table `battle`
--

INSERT INTO `battle` (`bid`, `wid`, `start_date`, `end_date`, `location`, `title`) VALUES
(1, 1, '1914-08-05', '1914-08-16', 'Liege, Belgium', 'Battle of Liege'),
(2, 1, '1914-08-07', '1914-09-13', 'Lorraine, the Ardennes and Belgium', 'Battle of the Frontiers'),
(3, 1, '1914-08-15', '1914-08-24', 'Cer Mountain and surrounding towns and villages in the northwestern portion of the Kingdom of Serbia', 'Battle of Cer'),
(4, 1, '1914-08-26', '1914-08-30', 'Near Allenstein, East Prussia (today Olsztyn, Poland)', 'Battle of Tannenberg'),
(5, 1, '1914-09-05', '1914-09-12', 'Marne River near Paris, France', 'First Battle of the Marne'),
(6, 1, '1915-02-03', NULL, 'Suez Badick', 'Defense of the Suez Badick'),
(7, 1, '1915-02-07', '1915-02-22', 'East Prussia, Germany (present-day Poland)', 'Second Battle of the Masurian Lakes'),
(8, 1, '1915-02-19', NULL, NULL, 'Dardanelles Bombardment'),
(9, 1, '1915-03-10', '1915-03-13', 'Artois region, France', 'Battle of Neuve Chapelle'),
(10, 1, '1915-04-12', '1915-04-14', 'Shaiba, Southern Iraq', 'Battle of Shaiba'),
(11, 1, '1915-04-22', '1915-05-25', 'Ypres, Belgium', 'Second Battle of Ypres'),
(12, 1, '1915-04-25', NULL, 'Anzac Cove', 'Anzac Cove Landing'),
(13, 1, '1915-04-25', '1915-04-25', 'Cape Helles, Gallipoli, Ottoman Empire', 'Landing at Cape Helles'),
(14, 1, '1915-04-28', '1915-04-28', 'Helles, Gallipoli, Ottoman Empire', 'First Battle of Krithia'),
(15, 1, '1915-05-01', NULL, 'Krithia on the Gallipoli peninsula', 'Eski Hissarlik'),
(16, 1, '1915-05-06', '1915-05-08', 'Helles, Gallipoli, Ottoman Empire', 'Second Battle of Krithia'),
(17, 1, '1915-05-15', '1915-05-25', 'South of Neuve Chapelle, France', 'Battle of Festubert'),
(18, 1, '1915-05-19', NULL, 'Anzac Cove', 'Turkish attack at Anzac Cove'),
(19, 1, '1915-05-31', NULL, 'Amara', 'Capture of Amara'),
(20, 1, '1915-06-04', NULL, 'Helles, Gallipoli, Ottoman Empire', 'Third Battle of Krithia'),
(21, 1, '1915-06-18', NULL, NULL, 'Attempt to Force the Narrows'),
(22, 1, '1915-06-23', '1915-07-07', 'Soca river, north-west Slovenia from the mountain Krn to the Gulf of Trieste', 'First Battle of the Isonzo'),
(23, 1, '1915-06-27', NULL, NULL, 'Battle of Nasiriyeh'),
(24, 1, '1915-06-28', '1915-07-05', 'Cape Helles', 'Battle of Gully Ravine'),
(25, 1, '1915-07-12', NULL, NULL, 'Attack on Ache Baba'),
(26, 1, '1915-07-18', '1915-08-03', 'Soca river, northwest Slovenia', 'Second Battle of the Isonzo'),
(27, 1, '1915-08-06', NULL, 'Suvla Bay', 'Suvla Bay'),
(28, 1, '1915-08-06', '1915-08-10', 'Gallipoli, Ottoman Empire (present-day Turkey)', 'Battle of Lone Pine'),
(29, 1, '1915-08-06', '1915-08-21', 'Gallipoli peninsula, Ottoman Empire', 'Battle of Sari Bair'),
(30, 1, '1915-08-07', NULL, 'Anzac, Gallipoli, Ottoman Empire', 'Battle of the Nek'),
(31, 1, '1915-07-17', '1915-09-17', 'Galicia and Poland', 'Great Retreat'),
(32, 1, '1915-08-21', '1915-08-29', 'Gallipoli, Ottoman Empire', 'Battle of Hill 60'),
(33, 1, '1915-08-21', NULL, 'Suvla, Gallipoli, Ottoman Empire', 'Battle of Scimitar Hill'),
(34, 1, '1915-09-25', '1915-10-14', 'Loos, France', 'Battle of Loos'),
(35, 1, '1915-09-28', NULL, 'Kut, Iraq', 'Kut-al-Amara'),
(36, 1, '1915-09-28', NULL, NULL, 'Battle of Es Sinn'),
(37, 1, '1915-10-18', '1915-11-03', 'Soca river, western Slovenia', 'Third Battle of the Isonzo'),
(38, 1, '1915-11-10', '1915-12-02', 'Soca river, western Slovenia', 'Fourth Battle of the Isonzo'),
(39, 1, '1915-11-22', '1915-11-25', 'Ctesiphon, present-day Iraq', 'Battle of Ctesiphon'),
(40, 1, '1915-12-07', '1916-04-29', 'Kut-al-Amara, Mesopotamia (modern Iraq)', 'Siege of Kut'),
(41, 1, '1915-12-18', NULL, NULL, 'Evacuation of Gallipoli'),
(42, 1, '1916-01-06', '1916-01-08', 'Mesopotamia (present-day Iraq)', 'Battle of Sheikh Sa''ad'),
(43, 1, '1916-01-13', NULL, 'Hanna defile, 3.5 miles (5.6 km) east of Sheikh Sa''ad, Mesopotamia, present-day Iraq', 'Battle of Wadi'),
(44, 1, '1916-01-21', NULL, 'Hanna defile, present-day Iraq', 'First Battle of Hanna'),
(45, 1, '1916-02-21', '1916-12-20', 'Region Fortifiee de Verdun (RFV) Verdun-sur-Meuse, France', 'Battle of Verdun'),
(46, 1, '1916-03-08', NULL, 'South of Kut, present-day Iraq', 'Battle of Dujaila'),
(47, 1, '1916-03-09', '1916-03-15', 'Soca river, western Slovenia', 'Fifth Battle of the Isonzo'),
(48, 1, '1916-03-18', '1916-04-18', 'Lake Narach, present-day Belarus', 'Lake Naroch Offensive'),
(49, 1, '1916-05-15', '1916-06-10', 'Asiago plateau, Veneto, Italy', 'Battle of Asiago'),
(50, 1, '1916-05-15', NULL, NULL, 'Trentino Offensive'),
(51, 1, '1916-05-31', '1916-06-01', 'North Sea, near Denmark', 'Battle of Jutland'),
(52, 1, '1916-06-04', NULL, NULL, 'Battle of Lutsk'),
(53, 1, '1916-06-04', NULL, NULL, 'Battle of Khanaqin'),
(54, 1, '1916-07-01', '1916-11-18', 'Somme River, north-central Somme and south-eastern Pas-de-Calais Departements, France', 'Battle of the Somme'),
(55, 1, '1916-07-14', '1916-07-17', 'Somme, Picardy, France', 'Battle of Bazentin Ridge'),
(56, 1, '1916-07-14', '1916-09-03', 'Delville Wood, Longueval, the Somme, France', 'Battle of Delville Wood'),
(57, 1, '1916-07-23', '1916-09-03', 'Pozieres, Somme, France', 'Battle of Pozieres'),
(58, 1, '1916-08-03', '1916-08-05', 'East of the Suez Canal and north of Ismailia\r\nSinai peninsula, Egypt', 'Battle of Romani'),
(59, 1, '1916-08-06', '1916-08-17', 'Gorizia - Doberdo del Lago, Italy; Opatje selo & north-western Kras, Slovenia', 'Sixth Battle of the Isonzo'),
(60, 1, '1916-09-03', '1916-09-06', 'Guillemont, France', 'Battle of Guillemont'),
(61, 1, '1916-09-14', '1916-09-18', 'Soca River Valley, Slovenia', 'Seventh Battle of the Isonzo'),
(62, 1, '1916-09-15', '1916-09-22', 'Flers and Courcelette, France', 'Battle of Flers-Courcelette'),
(63, 1, '1916-10-10', '1916-10-12', 'Soca River Valley, Slovenia', 'Eighth Battle of the Isonzo'),
(64, 1, '1916-10-31', '1916-11-04', 'Soca valley, Slovenia', 'Ninth Battle of the Isonzo'),
(65, 1, '1916-12-14', NULL, NULL, 'Battle of Maghaba'),
(66, 1, '1916-12-13', '1917-02-23', 'Kut, Mesopotamia (present-day Iraq)', 'Second Battle of Kut'),
(67, 1, '1917-01-09', NULL, NULL, 'Battle of Khadairi Bend'),
(68, 1, '1917-02-26', NULL, NULL, 'Battle of Nahr-alKalek'),
(69, 1, '1917-03-11', NULL, NULL, 'Capture of Baghdat'),
(70, 1, '1917-03-13', '1917-04-23', 'North of Baghdad, present-day Iraq', 'Samarrah Offensive'),
(71, 1, '1917-03-19', NULL, NULL, 'Seizure of Falluja'),
(72, 1, '1917-03-25', NULL, NULL, 'Battle of Jebel Amlin'),
(73, 1, '1917-03-26', NULL, 'Gaza, southern Palestine', 'First Battle of Gaza'),
(74, 1, '1917-04-09', '1917-05-16', 'Near Arras, France', 'Battle of Arras'),
(75, 1, '1917-04-11', NULL, NULL, 'First Battle of Bullecourt'),
(76, 1, '1917-05-03', '1917-05-11', NULL, 'Second Battle of Bullecourt'),
(77, 1, '1917-05-10', '1917-06-08', 'Soca valley, Slovenia', 'Tenth Battle of the Isonzo'),
(78, 1, '1917-05-14', NULL, NULL, 'Battle of Otranto Straits'),
(79, 1, '1917-06-07', '1917-06-14', 'Flanders, Belgium', 'Battle of Messines'),
(80, 1, '1917-07-31', '1917-11-10', 'Passendale, Belgium', 'Battle of Passchendaele\r\nThird Battle of Ypres'),
(81, 1, '1917-08-18', '1917-09-12', 'Soca, near Monfalcone, Italy; Banjsice Plateau, Slovenia', 'Eleventh Battle of the Isonzo'),
(82, 1, '1917-09-28', '1917-09-29', 'Ramadi, west of Baghdad, present-day Iraq', 'Battle of Ramadi'),
(83, 1, '1917-10-24', '1917-11-12', 'Kobarid, Austria-Hungary\r\n(present day Slovenia)', 'Battle of Caporetto (Twelfth Battle of the Isonzo)'),
(84, 1, '1917-11-01', '1917-11-02', 'Gaza, southern Palestine', 'Third Battle of Gaza'),
(85, 1, '1917-10-31', NULL, 'Beersheba, Ottoman Syria', 'Battle of Beersheba'),
(86, 1, '1917-11-05', NULL, NULL, 'Capture of Tikrit'),
(87, 1, '1917-11-13', NULL, 'Junction Station, Palestine', 'Battle of Mughar Ridge'),
(88, 1, '1917-11-20', '1917-12-07', 'Cambrai, France', 'Battle of Cambrai'),
(89, 1, '1917-12-08', NULL, NULL, 'Fall of Jerusalem'),
(90, 1, '1918-03-21', '1918-04-05', 'Northern France', 'Operation Michael'),
(91, 1, '1918-04-07', '1918-04-29', 'French-Belgian Flanders', 'Battle of the Lys'),
(92, 1, '1918-04-23', NULL, NULL, 'Raid on Zeebrugge'),
(93, 1, '1918-05-27', '1918-06-06', 'Aisne River near Paris, France', 'Third Battle of the Aisne'),
(94, 1, '1918-05-28', NULL, 'Cantigny', 'Battle of Cantigny'),
(95, 1, '1918-06-01', '1918-06-26', 'Belleau Wood near Paris, France', 'Battle of Belleau Wood'),
(96, 1, '1918-07-18', NULL, 'Chateau-Thierry, Aisne, France', 'Battle of Chateau-Thierry'),
(97, 1, '1918-06-15', '1918-06-23', 'Piave, Italy', 'Battle of the Piave River'),
(98, 1, '1918-06-18', NULL, 'near Bermuda, Atlantic Ocean', 'Action of 18 June 1918'),
(99, 1, '1918-07-04', NULL, 'Le Hamel, Somme, France', 'Battle of Hamel'),
(100, 1, '1918-07-14', NULL, 'Palestine', 'Battle of Abu Tellul'),
(101, 1, '1918-07-15', '1918-08-06', 'Marne River near Paris, France', 'Second Battle of the Marne'),
(102, 1, '1918-07-18', '1918-07-22', 'Northern France', 'German Spring Offensive'),
(103, 1, '1918-07-21', NULL, 'off Orleans, Massachusetts, United States, Atlantic Ocean', 'Attack on Orleans'),
(104, 1, '1918-08-08', '1918-08-12', 'East of Amiens, Picardy, France', 'Battle of Amiens (Start of the Hundred Days Offensive)'),
(105, 1, '1918-06-27', NULL, 'Nogales, Arizona, United States\r\nNogales, Sonora, Mexico', 'Battle of Ambos Nogales'),
(106, 1, '1918-08-31', '1918-09-03', 'Mont Saint-Quentin, near Peronne Picardy, France', 'Battle of Mont Saint-Quentin'),
(107, 1, '1918-09-12', NULL, 'Havrincourt, France', 'Battle of Havrincourt (Part of Hundred Days Offensive)'),
(108, 1, '1918-09-12', '1918-09-15', 'Saint-Mihiel salient, France', 'Battle of Saint-Mihiel'),
(109, 1, '1918-09-18', NULL, 'Epehy, France', 'Battle of Epehy'),
(110, 1, '1918-09-19', '1918-09-25', 'Tel Megiddo and surroundings, Ottoman Syria', 'Battle of Megiddo'),
(111, 1, '1918-09-26', '1918-10-11', 'Argonne Forest, France', 'Meuse-Argonne Offensive'),
(112, 1, '1918-09-27', '1918-10-01', 'Canal du Nord', 'Battle of Canal du Nord'),
(113, 1, '1918-09-29', '1918-10-10', 'Hindenburg Line, France', 'Battle of St Quentin Canal'),
(114, 1, '1918-10-08', '1918-10-10', 'Cambrai, France', 'Battle of Cambrai'),
(115, 1, '1918-10-24', '1918-11-03', 'Vittorio, Kingdom of Italy', 'Battle of Vittorio Veneto'),
(116, 1, '1918-10-23', '1918-10-30', 'North of Baghdad, present-day Iraq', 'Battle of Sharqat'),
(117, 1, '1918-11-04', NULL, 'River Sambre, France', 'Second Battle of the Sambre');

-- --------------------------------------------------------

--
-- Table structure for table `conflict`
--

CREATE TABLE IF NOT EXISTS `conflict` (
  `id` int(11) NOT NULL AUTO_INCREMENT,
  `title` varchar(255) DEFAULT NULL,
  `start_date` year(4) DEFAULT NULL,
  `end_date` year(4) DEFAULT NULL,
  PRIMARY KEY (`id`)
) ENGINE=InnoDB  DEFAULT CHARSET=latin1 AUTO_INCREMENT=74 ;

--
-- Dumping data for table `conflict`
--

INSERT INTO `conflict` (`id`, `title`, `start_date`, `end_date`) VALUES
(1, 'World War I', 1914, 1918),
(2, 'War of the Golden Stool', 0000, 0000),
(3, 'Somaliland Campaign', 0000, 1920),
(4, 'Anglo-Aro War', 1901, 1902),
(5, 'Bailundo Revolt of 1902', 1902, 1903),
(6, 'Venezuelan crisis of 1902-03', 1902, 1903),
(7, 'Ilinden-Preobrazhenie Uprising', 1903, 1903),
(8, 'British expedition to Tibet', 1903, 1904),
(9, 'Saudi-Rashidi War', 1903, 1907),
(10, '1904 Sasun uprising', 1904, 1904),
(11, 'Herero War', 1904, 1907),
(12, 'Russo-Japanese War', 1904, 1905),
(13, 'Macedonian Struggle', 1904, 1908),
(14, 'Insurrection (1905)', 1905, 1905),
(15, 'Revolution of 1905', 1905, 1907),
(16, 'Maji Maji Rebellion', 1905, 1908),
(17, 'Dutch intervention in Bali (1906)', 1906, 1906),
(18, 'Bambatha Rebellion', 1906, 1906),
(19, 'Theriso revolt', 1906, 1908),
(20, '1907 Romanian Peasants'' Revolt', 1907, 1907),
(21, 'Honduran-Nicaraguan War', 1907, 1907),
(22, 'Dutch intervention in Bali (1908)', 1908, 1908),
(23, 'Dutch-Venezuelan crisis of 1908', 1908, 1908),
(24, 'Second Melillan campaign', 1909, 1910),
(25, 'Ouaddai War', 1909, 1911),
(26, 'Mexican Revolution', 1910, 1920),
(27, 'Border War (1910-19)*Part of the Mexican Revolution*', 1910, 1919),
(28, 'Sokehs Rebellion', 1910, 1911),
(29, 'Albanian Revolt of 1910', 1910, 1910),
(30, 'Second Guangzhou Uprising', 1911, 1911),
(31, 'French conquest of Morocco', 1911, 1912),
(32, 'Italo-Turkish War', 1911, 1912),
(33, 'Xinhai Revolution\n*1911 Revolution*', 1911, 1912),
(34, 'First Balkan War', 1912, 1913),
(35, 'Albanian Revolt of 1912', 1912, 1912),
(36, 'Contestado War', 1912, 1916),
(37, 'United States occupation of Nicaragua\n*Part of the Banana Wars*', 1912, 1933),
(38, 'Negro Rebellion\n*Part of the Banana Wars*', 1912, 1912),
(39, 'Second Balkan War', 1913, 1913),
(40, 'Tikvai Uprising*Part of the Second Balkan War*', 1913, 1913),
(41, 'Ohrid-Debar Uprising', 1913, 1913),
(42, 'Zaian War', 1914, 1921),
(43, 'United States occupation of Veracruz\n*Part of the Banana Wars*', 1914, 1914),
(44, 'Maritz Rebellion', 1914, 1915),
(45, 'Chilembwe uprising', 1915, 1915),
(46, 'Bussa rebellion', 1915, 1915),
(47, 'United States occupation of Haiti\n*Part of the Banana Wars*', 1915, 1934),
(48, 'Senussi Campaign\n*Part of World War I*', 1915, 1917),
(49, 'National Protection War\n*Anti-Monarchy War*', 1915, 1916),
(50, 'Kaocen Revolt', 1916, 1917),
(51, 'Easter Rising', 1916, 1916),
(52, 'United States occupation of the Dominican Republic (1916-24)*Part of the Banana Wars*', 1916, 1924),
(53, 'Arab Revolt\n*Part of World War I*', 1916, 1918),
(54, 'February Revolution', 1917, 1917),
(55, 'Thai Nguyan uprising', 1917, 1917),
(56, 'Green Corn Rebellion', 1917, 1917),
(57, 'October Revolution', 1917, 1917),
(58, 'Russian Civil War', 1917, 1922),
(59, 'Soviet-Turkish War (1917-1918)\n*Part of Russian Civil War*', 1917, 1918),
(60, 'Ukrainian War of Independence\n*Part of World War I and Russian Civil War*', 1917, 1921),
(61, 'Finnish Civil War', 1918, 1918),
(62, 'Georgian-Armenian War', 1918, 1918),
(63, 'German Revolution of 1918-19', 1918, 1919),
(64, 'Greater Poland Uprising (1918-19)', 1918, 1919),
(65, 'Polish-Ukrainian War*Part of the Ukrainian War of Independence*', 1918, 1919),
(66, 'Georgian-Ossetian conflict (1918-20)*Part of the Russian Civil War*', 1918, 1920),
(67, 'Sochi conflict\n*Part of the Russian Civil War*', 1918, 1919),
(68, 'Armenian-Azerbaijani War*Part of the Russian Civil War*', 1918, 1920),
(69, 'Estonian War of Independence\n*Part of the Russian Civil War*', 1918, 1920),
(70, 'Latvian War of Independence\n*Part of the Russian Civil War*', 1918, 1920),
(71, 'Lithuanian-Soviet War*Part of the Lithuanian Wars of Independence*', 1918, 1919),
(72, 'Al-Khurma dispute\n*Part of the Unification of Saudi Arabia*', 1918, 1919),
(73, 'War of the Insane', 1918, 1921);

-- --------------------------------------------------------

--
-- Table structure for table `participant`
--

CREATE TABLE IF NOT EXISTS `participant` (
  `pid` int(11) NOT NULL AUTO_INCREMENT,
  `aid` int(11) NOT NULL,
  `name` varchar(255) NOT NULL,
  PRIMARY KEY (`pid`,`aid`),
  KEY `aid` (`aid`)
) ENGINE=InnoDB  DEFAULT CHARSET=latin1 AUTO_INCREMENT=33 ;

--
-- Dumping data for table `participant`
--

INSERT INTO `participant` (`pid`, `aid`, `name`) VALUES
(1, 1, 'United Kingdom'),
(2, 1, 'France'),
(3, 1, 'Australia'),
(4, 1, 'Canada'),
(5, 1, 'India'),
(6, 1, 'Newfoundland'),
(7, 1, 'New Zealand'),
(8, 1, 'South Africa'),
(9, 1, 'Russia'),
(10, 1, 'Italy'),
(11, 1, 'United States'),
(12, 1, 'Japan'),
(13, 1, 'Romania'),
(14, 1, 'Serbia'),
(15, 1, 'Belgium'),
(16, 1, 'Greece'),
(17, 1, 'Portugal'),
(18, 1, 'Montenegro'),
(19, 1, 'Siam'),
(20, 1, 'Brazil'),
(21, 2, 'Germany'),
(22, 2, 'Austria-Hungary'),
(23, 2, 'Ottoman Empire'),
(24, 2, 'Bulgaria'),
(25, 2, 'Jabal Shammar'),
(30, 2, 'Prussia'),
(31, 2, 'Turkey'),
(32, 2, 'Mexico');

-- --------------------------------------------------------

--
-- Table structure for table `participates_in_battle`
--

CREATE TABLE IF NOT EXISTS `participates_in_battle` (
  `battle_id` int(11) NOT NULL,
  `participant_id` int(11) NOT NULL,
  `force_size` int(1) DEFAULT NULL,
  `num_casualties` int(11) DEFAULT NULL,
  `status` enum('win','lose','surrender','other') NOT NULL DEFAULT 'other',
  PRIMARY KEY (`battle_id`,`participant_id`),
  KEY `participant_id` (`participant_id`)
) ENGINE=InnoDB DEFAULT CHARSET=latin1;

--
-- Dumping data for table `participates_in_battle`
--

INSERT INTO `participates_in_battle` (`battle_id`, `participant_id`, `force_size`, `num_casualties`, `status`) VALUES
(1, 15, 36000, 13000, 'lose'),
(1, 21, 59800, 5300, 'win'),
(1, 30, NULL, NULL, 'win'),
(2, 1, 70000, 4500, 'lose'),
(2, 2, 117000, 29597, 'lose'),
(2, 15, 1250000, 329000, 'lose'),
(2, 21, 1300000, 305594, 'win'),
(3, 14, 180000, 4000, 'win'),
(3, 22, 200000, 8000, 'lose'),
(4, 9, 230000, 78000, 'lose'),
(4, 21, 150000, 12500, 'win'),
(5, 1, 142800, 35067, 'win'),
(5, 2, 928200, 227933, 'win'),
(5, 21, 1485000, 256000, 'lose'),
(7, 9, 220000, 200000, 'lose'),
(7, 21, 100000, 16200, 'win'),
(9, 1, 60000, 7000, 'win'),
(9, 5, NULL, 4200, 'win'),
(9, 21, 30000, 10000, 'lose'),
(10, 1, 6156, 1570, 'win'),
(10, 5, NULL, NULL, 'win'),
(10, 23, 18000, 2435, 'lose'),
(11, 1, 90000, 50000, 'lose'),
(11, 2, 30000, 20000, 'lose'),
(11, 3, NULL, NULL, 'lose'),
(11, 4, NULL, NULL, 'lose'),
(11, 5, NULL, NULL, 'lose'),
(11, 6, NULL, NULL, 'lose'),
(11, 7, NULL, NULL, 'lose'),
(11, 8, NULL, NULL, 'lose'),
(11, 15, NULL, NULL, 'lose'),
(11, 21, 105000, 35000, 'win'),
(12, 3, NULL, NULL, 'win'),
(12, 7, NULL, NULL, 'win'),
(12, 31, NULL, NULL, 'lose'),
(13, 1, NULL, 6500, 'lose'),
(13, 2, NULL, NULL, 'lose'),
(13, 23, NULL, NULL, 'win'),
(14, 1, NULL, 2000, 'lose'),
(14, 2, NULL, 1001, 'lose'),
(14, 23, NULL, 2378, 'win'),
(15, 1, NULL, NULL, 'win'),
(15, 2, NULL, NULL, 'win'),
(15, 23, NULL, NULL, 'lose'),
(16, 1, NULL, NULL, 'lose'),
(16, 2, NULL, NULL, 'lose'),
(16, 3, NULL, NULL, 'lose'),
(16, 7, NULL, NULL, 'lose'),
(16, 23, NULL, NULL, 'win'),
(17, 1, NULL, 16648, 'win'),
(17, 4, NULL, NULL, 'win'),
(17, 5, NULL, NULL, 'win'),
(17, 21, NULL, 5000, 'lose'),
(17, 30, NULL, NULL, 'lose'),
(18, 3, NULL, NULL, 'other'),
(18, 7, NULL, NULL, 'other'),
(18, 31, NULL, NULL, 'other'),
(20, 1, NULL, 4500, 'lose'),
(20, 2, NULL, 2000, 'lose'),
(20, 5, NULL, NULL, 'lose'),
(20, 23, 18600, 3000, 'win'),
(22, 10, 225000, 14947, 'lose'),
(22, 22, 115000, 9950, 'win'),
(24, 1, 20000, 3800, 'win'),
(24, 23, 13000, 6000, 'lose'),
(26, 10, 250000, 41800, 'win'),
(26, 22, 78000, 46600, 'lose'),
(28, 3, NULL, 2277, 'win'),
(28, 23, NULL, 6000, 'lose'),
(29, 1, NULL, NULL, 'lose'),
(29, 3, NULL, NULL, 'lose'),
(29, 7, NULL, NULL, 'lose'),
(29, 23, NULL, 12000, 'win'),
(30, 3, 600, 372, 'lose'),
(30, 23, NULL, 8, 'win'),
(31, 9, 1200000, 500000, 'lose'),
(31, 21, 1136000, 200000, 'win'),
(31, 22, NULL, NULL, 'win'),
(32, 1, 4000, 1000, 'lose'),
(32, 3, NULL, NULL, 'lose'),
(32, 5, NULL, NULL, 'lose'),
(32, 7, NULL, NULL, 'lose'),
(32, 23, NULL, NULL, 'win'),
(33, 1, 14300, 5300, 'lose'),
(33, 23, NULL, 2600, 'win'),
(34, 1, 90000, 59247, 'other'),
(34, 5, NULL, NULL, 'other'),
(34, 21, 45000, 26000, 'other'),
(37, 10, NULL, 67100, 'lose'),
(37, 22, NULL, 40400, 'win'),
(38, 10, NULL, 49500, 'lose'),
(38, 22, NULL, 32100, 'win'),
(39, 1, 11000, 4600, 'lose'),
(39, 5, NULL, NULL, 'lose'),
(39, 23, 18000, 9500, 'win'),
(40, 1, 31000, 30000, 'lose'),
(40, 5, NULL, NULL, 'lose'),
(40, 23, 36000, 10000, 'win'),
(42, 1, 13330, 4262, 'win'),
(42, 5, NULL, NULL, 'win'),
(42, 23, 9000, 1200, 'lose'),
(43, 1, 19000, 1600, 'lose'),
(43, 5, NULL, NULL, 'lose'),
(43, 23, 22500, 527, 'win'),
(44, 1, 10000, 2741, 'lose'),
(44, 5, NULL, NULL, 'lose'),
(44, 23, 30000, 503, 'win'),
(45, 2, 1140000, 542000, 'win'),
(45, 21, 1250000, 434000, 'lose'),
(46, 1, 20159, 3500, 'lose'),
(46, 23, 10000, 1290, 'win'),
(47, 10, NULL, 1882, 'other'),
(47, 22, NULL, 1985, 'other'),
(48, 9, 480000, 122000, 'lose'),
(48, 21, 50000, 20000, 'win'),
(49, 10, NULL, 140000, 'win'),
(49, 22, NULL, 100000, 'lose'),
(51, 1, NULL, 6094, 'win'),
(51, 3, NULL, NULL, 'win'),
(51, 4, NULL, NULL, 'win'),
(51, 21, NULL, 2551, 'lose'),
(54, 1, 765000, 623907, 'other'),
(54, 2, 720000, NULL, 'other'),
(54, 3, NULL, NULL, 'other'),
(54, 4, NULL, NULL, 'other'),
(54, 5, NULL, NULL, 'other'),
(54, 6, NULL, NULL, 'other'),
(54, 7, NULL, NULL, 'other'),
(54, 8, NULL, NULL, 'other'),
(54, 21, NULL, NULL, 'other'),
(55, 1, 75000, 9194, 'win'),
(55, 5, NULL, NULL, 'win'),
(55, 8, NULL, NULL, 'win'),
(55, 21, NULL, 2300, 'lose'),
(56, 1, NULL, NULL, 'win'),
(56, 8, NULL, NULL, 'win'),
(56, 21, NULL, NULL, 'lose'),
(57, 1, NULL, NULL, 'win'),
(57, 3, NULL, NULL, 'win'),
(57, 21, NULL, NULL, 'lose'),
(58, 1, 14000, 1130, 'win'),
(58, 3, NULL, NULL, 'win'),
(58, 7, NULL, NULL, 'win'),
(58, 21, NULL, NULL, 'lose'),
(58, 22, NULL, NULL, 'lose'),
(58, 23, 16000, 9200, 'lose'),
(59, 10, 330000, 51000, 'win'),
(59, 22, 135000, 41835, 'lose'),
(60, 1, NULL, NULL, 'win'),
(60, 2, NULL, NULL, 'win'),
(60, 21, NULL, NULL, 'lose'),
(61, 10, NULL, 17000, 'other'),
(61, 22, NULL, 15000, 'other'),
(62, 1, NULL, NULL, 'win'),
(62, 4, NULL, NULL, 'win'),
(62, 5, NULL, NULL, 'win'),
(62, 7, NULL, NULL, 'win'),
(62, 21, NULL, NULL, 'lose'),
(63, 10, 300000, 25000, 'other'),
(63, 22, 210000, 25000, 'other'),
(64, 10, NULL, 39000, 'win'),
(64, 22, NULL, 33000, 'lose'),
(66, 1, 50000, 1000, 'win'),
(66, 5, NULL, NULL, 'win'),
(66, 22, 17000, 12000, 'lose'),
(70, 1, 45000, 18000, 'win'),
(70, 5, NULL, NULL, 'win'),
(70, 23, 25000, NULL, 'lose'),
(73, 1, NULL, 3967, 'lose'),
(73, 21, NULL, 28, 'win'),
(73, 22, NULL, 28, 'win'),
(73, 23, NULL, 300, 'win'),
(74, 1, 345000, 158000, 'win'),
(74, 3, NULL, NULL, 'win'),
(74, 4, NULL, NULL, 'win'),
(74, 6, NULL, NULL, 'win'),
(74, 7, NULL, NULL, 'win'),
(74, 10, 400000, 150000, 'win'),
(74, 21, 255000, 130000, 'lose'),
(74, 22, 200000, 75000, 'lose'),
(74, 30, NULL, NULL, 'lose'),
(79, 1, 216000, 24562, 'win'),
(79, 3, NULL, NULL, 'win'),
(79, 4, NULL, NULL, 'win'),
(79, 7, NULL, NULL, 'win'),
(79, 21, 126000, 42200, 'lose'),
(79, 30, NULL, NULL, 'lose'),
(80, 1, 750000, NULL, 'other'),
(80, 2, 90000, NULL, 'other'),
(80, 3, NULL, NULL, 'other'),
(80, 4, NULL, NULL, 'other'),
(80, 5, NULL, NULL, 'other'),
(80, 6, NULL, NULL, 'other'),
(80, 7, NULL, NULL, 'other'),
(80, 8, NULL, NULL, 'other'),
(80, 15, NULL, NULL, 'other'),
(80, 21, 1245000, 217000, 'other'),
(81, 10, NULL, 148000, 'other'),
(81, 21, NULL, NULL, 'other'),
(81, 22, NULL, 105000, 'other'),
(82, 1, NULL, 1000, 'win'),
(82, 5, NULL, NULL, 'win'),
(82, 23, 3500, 3500, 'lose'),
(83, 10, 400000, 350000, 'lose'),
(83, 21, 350000, 70000, 'win'),
(83, 22, NULL, NULL, 'win'),
(84, 1, 10000, 2696, 'win'),
(84, 2, NULL, NULL, 'win'),
(84, 3, NULL, NULL, 'win'),
(84, 5, NULL, NULL, 'win'),
(84, 7, NULL, NULL, 'win'),
(84, 10, NULL, NULL, 'win'),
(84, 21, NULL, NULL, 'lose'),
(84, 23, 4500, 1000, 'lose'),
(85, 1, 15000, 171, 'win'),
(85, 3, NULL, NULL, 'win'),
(85, 7, NULL, NULL, 'win'),
(85, 21, NULL, NULL, 'lose'),
(85, 23, 4400, 1000, 'lose'),
(87, 1, NULL, 1188, 'win'),
(87, 3, NULL, NULL, 'win'),
(87, 5, NULL, NULL, 'win'),
(87, 7, NULL, NULL, 'win'),
(87, 21, NULL, NULL, 'lose'),
(87, 23, NULL, 10000, 'lose'),
(88, 1, NULL, 44000, 'other'),
(88, 6, NULL, NULL, 'other'),
(88, 11, NULL, NULL, 'other'),
(88, 21, NULL, 45000, 'other'),
(88, 30, NULL, NULL, 'other'),
(90, 1, NULL, 177739, 'other'),
(90, 2, NULL, 77000, 'other'),
(90, 3, NULL, NULL, 'other'),
(90, 7, NULL, NULL, 'other'),
(90, 11, NULL, 77, 'other'),
(90, 21, NULL, 239800, 'other'),
(90, 30, NULL, NULL, 'other'),
(91, 1, NULL, 120000, 'lose'),
(91, 2, NULL, NULL, 'lose'),
(91, 3, NULL, NULL, 'lose'),
(91, 4, NULL, NULL, 'lose'),
(91, 6, NULL, NULL, 'lose'),
(91, 11, NULL, NULL, 'lose'),
(91, 15, NULL, NULL, 'lose'),
(91, 17, NULL, NULL, 'lose'),
(91, 21, NULL, 120000, 'win'),
(93, 1, NULL, NULL, 'other'),
(93, 2, NULL, 127000, 'other'),
(93, 11, NULL, NULL, 'other'),
(93, 21, NULL, 130000, 'other'),
(94, 2, NULL, NULL, 'win'),
(94, 11, 4000, 1603, 'win'),
(94, 21, NULL, 250, 'lose'),
(95, 1, NULL, NULL, 'win'),
(95, 2, NULL, NULL, 'win'),
(95, 11, NULL, 1811, 'win'),
(95, 21, NULL, 1600, 'lose'),
(96, 2, NULL, NULL, 'win'),
(96, 11, NULL, NULL, 'win'),
(96, 15, NULL, NULL, 'win'),
(96, 21, NULL, NULL, 'lose'),
(97, 10, 870000, 43000, 'win'),
(97, 22, 855000, 135000, 'lose'),
(98, 1, NULL, NULL, 'lose'),
(98, 11, NULL, 22, 'lose'),
(98, 21, NULL, NULL, 'win'),
(99, 1, NULL, NULL, 'win'),
(99, 3, 7000, 1400, 'win'),
(99, 11, NULL, NULL, 'win'),
(99, 21, 5600, 2000, 'lose'),
(100, 5, NULL, NULL, 'win'),
(100, 11, NULL, 189, 'win'),
(100, 21, NULL, 1000, 'lose'),
(100, 23, NULL, NULL, 'lose'),
(101, 1, 60000, 16552, 'win'),
(101, 2, 660000, 951665, 'win'),
(101, 10, 30000, 9000, 'win'),
(101, 11, 120000, 12000, 'win'),
(101, 21, 780000, 139000, 'lose'),
(102, 1, NULL, NULL, 'win'),
(102, 2, 345000, 125000, 'win'),
(102, 11, NULL, NULL, 'win'),
(102, 21, 234000, 168000, 'lose'),
(103, 11, NULL, 0, 'lose'),
(103, 21, NULL, 0, 'win'),
(104, 1, 285000, 22200, 'win'),
(104, 2, 180000, NULL, 'win'),
(104, 3, NULL, NULL, 'win'),
(104, 4, NULL, NULL, 'win'),
(104, 11, 15000, NULL, 'win'),
(104, 21, 210000, 30000, 'lose'),
(105, 11, 800, 6, 'win'),
(105, 21, NULL, 2, 'lose'),
(105, 32, NULL, 130, 'lose'),
(106, 3, NULL, NULL, 'win'),
(106, 21, NULL, NULL, 'lose'),
(107, 1, 45000, NULL, 'win'),
(107, 7, NULL, NULL, 'win'),
(107, 21, 60000, NULL, 'lose'),
(108, 2, 110000, NULL, 'win'),
(108, 11, 550000, 7000, 'win'),
(108, 21, 50000, 20000, 'lose'),
(109, 1, 12000, 1260, 'win'),
(109, 2, NULL, NULL, 'win'),
(109, 3, NULL, NULL, 'win'),
(109, 21, 60000, 11750, 'lose'),
(110, 1, 69000, 782, 'win'),
(110, 2, NULL, NULL, 'win'),
(110, 3, NULL, NULL, 'win'),
(110, 5, NULL, NULL, 'win'),
(110, 7, NULL, NULL, 'win'),
(110, 8, NULL, NULL, 'win'),
(110, 21, NULL, NULL, 'lose'),
(110, 23, 35000, 29000, 'lose'),
(111, 2, NULL, 70000, 'win'),
(111, 11, 1200000, 26277, 'win'),
(111, 21, 450000, 120000, 'lose'),
(112, 1, 195000, 30000, 'win'),
(112, 7, NULL, NULL, 'win'),
(112, 21, NULL, 36500, 'lose'),
(113, 1, 180000, NULL, 'win'),
(113, 3, 30000, NULL, 'win'),
(113, 21, 195000, NULL, 'lose'),
(114, 1, 315000, 12000, 'win'),
(114, 4, 45000, NULL, 'win'),
(114, 7, 15000, NULL, 'win'),
(114, 21, 180000, 10000, 'lose'),
(115, 1, 45000, 1830, 'win'),
(115, 2, 30000, 588, 'win'),
(115, 10, 765000, 33080, 'win'),
(115, 11, NULL, NULL, 'win'),
(115, 22, 915000, 35000, 'lose'),
(116, 1, 30000, 1800, 'win'),
(116, 5, NULL, NULL, 'win'),
(117, 1, NULL, NULL, 'win'),
(117, 2, NULL, NULL, 'win'),
(117, 11, NULL, NULL, 'win'),
(117, 21, NULL, NULL, 'lose');

-- --------------------------------------------------------

--
-- Table structure for table `participates_in_conflict`
--

CREATE TABLE IF NOT EXISTS `participates_in_conflict` (
  `conflict_id` int(11) NOT NULL,
  `alliance_id` int(11) NOT NULL,
  `enter_date` year(4) DEFAULT NULL,
  `exit_date` year(4) DEFAULT NULL,
  `status` enum('win','lose','surrender','other') NOT NULL DEFAULT 'other',
  `location` varchar(255) DEFAULT NULL,
  PRIMARY KEY (`conflict_id`,`alliance_id`),
  KEY `alliance_id` (`alliance_id`)
) ENGINE=InnoDB DEFAULT CHARSET=latin1;

--
-- Dumping data for table `participates_in_conflict`
--

INSERT INTO `participates_in_conflict` (`conflict_id`, `alliance_id`, `enter_date`, `exit_date`, `status`, `location`) VALUES
(1, 1, 1914, 1918, 'win', NULL),
(1, 2, 1914, 1918, 'lose', NULL),
(2, 3, 0000, 0000, 'win', NULL),
(2, 4, 0000, 0000, 'lose', NULL),
(3, 5, 0000, 1920, 'win', NULL),
(3, 6, 0000, 1920, 'lose', NULL),
(4, 7, 1901, 1902, 'win', NULL),
(4, 8, 1901, 1902, 'lose', NULL),
(5, 9, 1902, 1903, 'win', NULL),
(5, 10, 1902, 1903, 'lose', NULL),
(6, 11, 1902, 1903, 'win', NULL),
(6, 12, 1902, 1903, 'lose', NULL),
(7, 13, 1903, 1903, 'win', NULL),
(7, 14, 1903, 1903, 'lose', NULL),
(8, 15, 1903, 1904, 'win', NULL),
(8, 16, 1903, 1904, 'lose', NULL),
(9, 17, 1903, 1907, 'win', NULL),
(9, 18, 1903, 1907, 'lose', NULL),
(10, 19, 1904, 1904, 'win', NULL),
(10, 20, 1904, 1904, 'lose', NULL),
(11, 21, 1904, 1907, 'win', NULL),
(11, 22, 1904, 1907, 'lose', NULL),
(12, 23, 1904, 1905, 'win', NULL),
(12, 24, 1904, 1905, 'lose', NULL),
(13, 25, 1904, 1908, 'win', NULL),
(13, 26, 1904, 1908, 'lose', NULL),
(14, 27, 1905, 1905, 'win', NULL),
(14, 28, 1905, 1905, 'lose', NULL),
(15, 29, 1905, 1907, 'win', NULL),
(15, 30, 1905, 1907, 'lose', NULL),
(16, 31, 1905, 1908, 'win', NULL),
(16, 32, 1905, 1908, 'lose', NULL),
(17, 33, 1906, 1906, 'win', NULL),
(17, 34, 1906, 1906, 'lose', NULL),
(18, 35, 1906, 1906, 'win', NULL),
(18, 36, 1906, 1906, 'lose', NULL),
(19, 37, 1906, 1908, 'win', NULL),
(19, 38, 1906, 1908, 'lose', NULL),
(20, 39, 1907, 1907, 'win', NULL),
(20, 40, 1907, 1907, 'lose', NULL),
(21, 41, 1907, 1907, 'win', NULL),
(21, 42, 1907, 1907, 'lose', NULL),
(22, 43, 1908, 1908, 'win', NULL),
(22, 44, 1908, 1908, 'lose', NULL),
(23, 45, 1908, 1908, 'win', NULL),
(23, 46, 1908, 1908, 'lose', NULL),
(24, 47, 1909, 1910, 'win', NULL),
(24, 48, 1909, 1910, 'lose', NULL),
(25, 49, 1909, 1911, 'win', NULL),
(25, 50, 1909, 1911, 'lose', NULL),
(26, 51, 1910, 1920, 'win', NULL),
(26, 52, 1910, 1920, 'lose', NULL),
(27, 53, 1910, 1919, 'win', NULL),
(27, 54, 1910, 1919, 'lose', NULL),
(28, 55, 1910, 1911, 'win', NULL),
(28, 56, 1910, 1911, 'lose', NULL),
(29, 57, 1910, 1910, 'win', NULL),
(29, 58, 1910, 1910, 'lose', NULL),
(30, 59, 1911, 1911, 'win', NULL),
(30, 60, 1911, 1911, 'lose', NULL),
(31, 61, 1911, 1912, 'win', NULL),
(31, 62, 1911, 1912, 'lose', NULL),
(32, 63, 1911, 1912, 'win', NULL),
(32, 64, 1911, 1912, 'lose', NULL),
(33, 65, 1911, 1912, 'win', NULL),
(33, 66, 1911, 1912, 'lose', NULL),
(34, 67, 1912, 1913, 'win', NULL),
(34, 68, 1912, 1913, 'lose', NULL),
(35, 69, 1912, 1912, 'win', NULL),
(35, 70, 1912, 1912, 'lose', NULL),
(36, 71, 1912, 1916, 'win', NULL),
(36, 72, 1912, 1916, 'lose', NULL),
(37, 73, 1912, 1933, 'win', NULL),
(37, 74, 1912, 1933, 'lose', NULL),
(38, 75, 1912, 1912, 'win', NULL),
(38, 76, 1912, 1912, 'lose', NULL),
(39, 77, 1913, 1913, 'win', NULL),
(39, 78, 1913, 1913, 'lose', NULL),
(40, 79, 1913, 1913, 'win', NULL),
(40, 80, 1913, 1913, 'lose', NULL),
(41, 81, 1913, 1913, 'win', NULL),
(41, 82, 1913, 1913, 'lose', NULL),
(42, 83, 1914, 1921, 'win', NULL),
(42, 84, 1914, 1921, 'lose', NULL),
(43, 85, 1914, 1914, 'win', NULL),
(43, 86, 1914, 1914, 'lose', NULL),
(44, 87, 1914, 1915, 'win', NULL),
(44, 88, 1914, 1915, 'lose', NULL),
(45, 89, 1915, 1915, 'win', NULL),
(45, 90, 1915, 1915, 'lose', NULL),
(46, 91, 1915, 1915, 'win', NULL),
(46, 92, 1915, 1915, 'lose', NULL),
(47, 93, 1915, 1934, 'win', NULL),
(47, 94, 1915, 1934, 'lose', NULL),
(48, 95, 1915, 1917, 'win', NULL),
(48, 96, 1915, 1917, 'lose', NULL),
(49, 97, 1915, 1916, 'win', NULL),
(49, 98, 1915, 1916, 'lose', NULL),
(50, 99, 1916, 1917, 'win', NULL),
(50, 100, 1916, 1917, 'lose', NULL),
(51, 101, 1916, 1916, 'win', NULL),
(51, 102, 1916, 1916, 'lose', NULL),
(52, 103, 1916, 1924, 'win', NULL),
(52, 104, 1916, 1924, 'lose', NULL),
(53, 105, 1916, 1918, 'win', NULL),
(53, 106, 1916, 1918, 'lose', NULL),
(54, 107, 1917, 1917, 'win', NULL),
(54, 108, 1917, 1917, 'lose', NULL),
(55, 109, 1917, 1917, 'win', NULL),
(55, 110, 1917, 1917, 'lose', NULL),
(56, 111, 1917, 1917, 'win', NULL),
(56, 112, 1917, 1917, 'lose', NULL),
(57, 113, 1917, 1917, 'win', NULL),
(57, 114, 1917, 1917, 'lose', NULL),
(58, 115, 1917, 1922, 'win', NULL),
(58, 116, 1917, 1922, 'lose', NULL),
(59, 117, 1917, 1918, 'win', NULL),
(59, 118, 1917, 1918, 'lose', NULL),
(60, 119, 1917, 1921, 'win', NULL),
(60, 120, 1917, 1921, 'lose', NULL),
(61, 121, 1918, 1918, 'win', NULL),
(61, 122, 1918, 1918, 'lose', NULL),
(62, 123, 1918, 1918, 'win', NULL),
(62, 124, 1918, 1918, 'lose', NULL),
(63, 125, 1918, 1919, 'win', NULL),
(63, 126, 1918, 1919, 'lose', NULL),
(64, 127, 1918, 1919, 'win', NULL),
(64, 128, 1918, 1919, 'lose', NULL),
(65, 129, 1918, 1919, 'win', NULL),
(65, 130, 1918, 1919, 'lose', NULL),
(66, 131, 1918, 1920, 'win', NULL),
(66, 132, 1918, 1920, 'lose', NULL),
(67, 133, 1918, 1919, 'win', NULL),
(67, 134, 1918, 1919, 'lose', NULL),
(68, 135, 1918, 1920, 'win', NULL),
(68, 136, 1918, 1920, 'lose', NULL),
(69, 137, 1918, 1920, 'win', NULL),
(69, 138, 1918, 1920, 'lose', NULL),
(70, 139, 1918, 1920, 'win', NULL),
(70, 140, 1918, 1920, 'lose', NULL),
(71, 141, 1918, 1919, 'win', NULL),
(71, 142, 1918, 1919, 'lose', NULL),
(72, 143, 1918, 1919, 'win', NULL),
(72, 144, 1918, 1919, 'lose', NULL),
(73, 145, 1918, 1921, 'win', NULL),
(73, 146, 1918, 1921, 'lose', NULL);

-- --------------------------------------------------------

--
-- Table structure for table `total_military`
--

CREATE TABLE IF NOT EXISTS `total_military` (
  `military_id` int(11) NOT NULL AUTO_INCREMENT,
  `participant_id` int(11) NOT NULL,
  `size` int(11) NOT NULL,
  `year` year(4) NOT NULL,
  PRIMARY KEY (`military_id`),
  UNIQUE KEY `participant_id` (`participant_id`)
) ENGINE=InnoDB DEFAULT CHARSET=latin1 AUTO_INCREMENT=1 ;

-- --------------------------------------------------------

--
-- Table structure for table `war`
--

CREATE TABLE IF NOT EXISTS `war` (
  `id` int(11) NOT NULL AUTO_INCREMENT,
  PRIMARY KEY (`id`)
) ENGINE=InnoDB  DEFAULT CHARSET=latin1 AUTO_INCREMENT=2 ;

--
-- Dumping data for table `war`
--

INSERT INTO `war` (`id`) VALUES
(1);

-- --------------------------------------------------------

--
-- Table structure for table `war_is_a_conflict`
--

CREATE TABLE IF NOT EXISTS `war_is_a_conflict` (
  `conflict_id` int(11) NOT NULL,
  `war_id` int(11) NOT NULL,
  PRIMARY KEY (`conflict_id`,`war_id`),
  KEY `war_id` (`war_id`)
) ENGINE=InnoDB DEFAULT CHARSET=latin1;

--
-- Dumping data for table `war_is_a_conflict`
--

INSERT INTO `war_is_a_conflict` (`conflict_id`, `war_id`) VALUES
(1, 1);

--
-- Constraints for dumped tables
--

--
-- Constraints for table `battle`
--
ALTER TABLE `battle`
  ADD CONSTRAINT `battle_ibfk_1` FOREIGN KEY (`wid`) REFERENCES `war` (`id`) ON UPDATE CASCADE;

--
-- Constraints for table `participant`
--
ALTER TABLE `participant`
  ADD CONSTRAINT `participant_ibfk_1` FOREIGN KEY (`aid`) REFERENCES `alliance` (`aid`) ON UPDATE CASCADE;

--
-- Constraints for table `participates_in_battle`
--
ALTER TABLE `participates_in_battle`
  ADD CONSTRAINT `participates_in_battle_ibfk_1` FOREIGN KEY (`battle_id`) REFERENCES `battle` (`bid`) ON UPDATE CASCADE,
  ADD CONSTRAINT `participates_in_battle_ibfk_2` FOREIGN KEY (`participant_id`) REFERENCES `participant` (`pid`) ON UPDATE CASCADE;

--
-- Constraints for table `participates_in_conflict`
--
ALTER TABLE `participates_in_conflict`
  ADD CONSTRAINT `participates_in_conflict_ibfk_1` FOREIGN KEY (`conflict_id`) REFERENCES `conflict` (`id`) ON UPDATE CASCADE,
  ADD CONSTRAINT `participates_in_conflict_ibfk_2` FOREIGN KEY (`alliance_id`) REFERENCES `alliance` (`aid`) ON UPDATE CASCADE;

--
-- Constraints for table `total_military`
--
ALTER TABLE `total_military`
  ADD CONSTRAINT `total_military_ibfk_1` FOREIGN KEY (`participant_id`) REFERENCES `participant` (`pid`) ON UPDATE CASCADE;

--
-- Constraints for table `war_is_a_conflict`
--
ALTER TABLE `war_is_a_conflict`
  ADD CONSTRAINT `war_is_a_conflict_ibfk_1` FOREIGN KEY (`conflict_id`) REFERENCES `conflict` (`id`),
  ADD CONSTRAINT `war_is_a_conflict_ibfk_2` FOREIGN KEY (`war_id`) REFERENCES `war` (`id`);

/*!40101 SET CHARACTER_SET_CLIENT=@OLD_CHARACTER_SET_CLIENT */;
/*!40101 SET CHARACTER_SET_RESULTS=@OLD_CHARACTER_SET_RESULTS */;
/*!40101 SET COLLATION_CONNECTION=@OLD_COLLATION_CONNECTION */;
